[{"model": "auth.permission", "pk": 1, "fields": {"name": "Can add log entry", "content_type": 1, "codename": "add_logentry"}}, {"model": "auth.permission", "pk": 2, "fields": {"name": "Can change log entry", "content_type": 1, "codename": "change_logentry"}}, {"model": "auth.permission", "pk": 3, "fields": {"name": "Can delete log entry", "content_type": 1, "codename": "delete_logentry"}}, {"model": "auth.permission", "pk": 4, "fields": {"name": "Can view log entry", "content_type": 1, "codename": "view_logentry"}}, {"model": "auth.permission", "pk": 5, "fields": {"name": "Can add permission", "content_type": 2, "codename": "add_permission"}}, {"model": "auth.permission", "pk": 6, "fields": {"name": "Can change permission", "content_type": 2, "codename": "change_permission"}}, {"model": "auth.permission", "pk": 7, "fields": {"name": "Can delete permission", "content_type": 2, "codename": "delete_permission"}}, {"model": "auth.permission", "pk": 8, "fields": {"name": "Can view permission", "content_type": 2, "codename": "view_permission"}}, {"model": "auth.permission", "pk": 9, "fields": {"name": "Can add group", "content_type": 3, "codename": "add_group"}}, {"model": "auth.permission", "pk": 10, "fields": {"name": "Can change group", "content_type": 3, "codename": "change_group"}}, {"model": "auth.permission", "pk": 11, "fields": {"name": "Can delete group", "content_type": 3, "codename": "delete_group"}}, {"model": "auth.permission", "pk": 12, "fields": {"name": "Can view group", "content_type": 3, "codename": "view_group"}}, {"model": "auth.permission", "pk": 13, "fields": {"name": "Can add content type", "content_type": 4, "codename": "add_contenttype"}}, {"model": "auth.permission", "pk": 14, "fields": {"name": "Can change content type", "content_type": 4, "codename": "change_contenttype"}}, {"model": "auth.permission", "pk": 15, "fields": {"name": "Can delete content type", "content_type": 4, "codename": "delete_contenttype"}}, {"model": "auth.permission", "pk": 16, "fields": {"name": "Can view content type", "content_type": 4, "codename": "view_contenttype"}}, {"model": "auth.permission", "pk": 17, "fields": {"name": "Can add session", "content_type": 5, "codename": "add_session"}}, {"model": "auth.permission", "pk": 18, "fields": {"name": "Can change session", "content_type": 5, "codename": "change_session"}}, {"model": "auth.permission", "pk": 19, "fields": {"name": "Can delete session", "content_type": 5, "codename": "delete_session"}}, {"model": "auth.permission", "pk": 20, "fields": {"name": "Can view session", "content_type": 5, "codename": "view_session"}}, {"model": "auth.permission", "pk": 21, "fields": {"name": "Can add user", "content_type": 6, "codename": "add_user"}}, {"model": "auth.permission", "pk": 22, "fields": {"name": "Can change user", "content_type": 6, "codename": "change_user"}}, {"model": "auth.permission", "pk": 23, "fields": {"name": "Can delete user", "content_type": 6, "codename": "delete_user"}}, {"model": "auth.permission", "pk": 24, "fields": {"name": "Can view user", "content_type": 6, "codename": "view_user"}}, {"model": "auth.permission", "pk": 25, "fields": {"name": "Can add category", "content_type": 7, "codename": "add_category"}}, {"model": "auth.permission", "pk": 26, "fields": {"name": "Can change category", "content_type": 7, "codename": "change_category"}}, {"model": "auth.permission", "pk": 27, "fields": {"name": "Can delete category", "content_type": 7, "codename": "delete_category"}}, {"model": "auth.permission", "pk": 28, "fields": {"name": "Can view category", "content_type": 7, "codename": "view_category"}}, {"model": "auth.permission", "pk": 29, "fields": {"name": "Can add comment", "content_type": 8, "codename": "add_comment"}}, {"model": "auth.permission", "pk": 30, "fields": {"name": "Can change comment", "content_type": 8, "codename": "change_comment"}}, {"model": "auth.permission", "pk": 31, "fields": {"name": "Can delete comment", "content_type": 8, "codename": "delete_comment"}}, {"model": "auth.permission", "pk": 32, "fields": {"name": "Can view comment", "content_type": 8, "codename": "view_comment"}}, {"model": "auth.permission", "pk": 33, "fields": {"name": "Can add genre", "content_type": 9, "codename": "add_genre"}}, {"model": "auth.permission", "pk": 34, "fields": {"name": "Can change genre", "content_type": 9, "codename": "change_genre"}}, {"model": "auth.permission", "pk": 35, "fields": {"name": "Can delete genre", "content_type": 9, "codename": "delete_genre"}}, {"model": "auth.permission", "pk": 36, "fields": {"name": "Can view genre", "content_type": 9, "codename": "view_genre"}}, {"model": "auth.permission", "pk": 37, "fields": {"name": "Can add genre title", "content_type": 10, "codename": "add_genretitle"}}, {"model": "auth.permission", "pk": 38, "fields": {"name": "Can change genre title", "content_type": 10, "codename": "change_genretitle"}}, {"model": "auth.permission", "pk": 39, "fields": {"name": "Can delete genre title", "content_type": 10, "codename": "delete_genretitle"}}, {"model": "auth.permission", "pk": 40, "fields": {"name": "Can view genre title", "content_type": 10, "codename": "view_genretitle"}}, {"model": "auth.permission", "pk": 41, "fields": {"name": "Can add review", "content_type": 11, "codename": "add_review"}}, {"model": "auth.permission", "pk": 42, "fields": {"name": "Can change review", "content_type": 11, "codename": "change_review"}}, {"model": "auth.permission", "pk": 43, "fields": {"name": "Can delete review", "content_type": 11, "codename": "delete_review"}}, {"model": "auth.permission", "pk": 44, "fields": {"name": "Can view review", "content_type": 11, "codename": "view_review"}}, {"model": "auth.permission", "pk": 45, "fields": {"name": "Can add title", "content_type": 12, "codename": "add_title"}}, {"model": "auth.permission", "pk": 46, "fields": {"name": "Can change title", "content_type": 12, "codename": "change_title"}}, {"model": "auth.permission", "pk": 47, "fields": {"name": "Can delete title", "content_type": 12, "codename": "delete_title"}}, {"model": "auth.permission", "pk": 48, "fields": {"name": "Can view title", "content_type": 12, "codename": "view_title"}}, {"model": "contenttypes.contenttype", "pk": 1, "fields": {"app_label": "admin", "model": "logentry"}}, {"model": "contenttypes.contenttype", "pk": 2, "fields": {"app_label": "auth", "model": "permission"}}, {"model": "contenttypes.contenttype", "pk": 3, "fields": {"app_label": "auth", "model": "group"}}, {"model": "contenttypes.contenttype", "pk": 4, "fields": {"app_label": "contenttypes", "model": "contenttype"}}, {"model": "contenttypes.contenttype", "pk": 5, "fields": {"app_label": "sessions", "model": "session"}}, {"model": "contenttypes.contenttype", "pk": 6, "fields": {"app_label": "users", "model": "user"}}, {"model": "contenttypes.contenttype", "pk": 7, "fields": {"app_label": "reviews", "model": "category"}}, {"model": "contenttypes.contenttype", "pk": 8, "fields": {"app_label": "reviews", "model": "comment"}}, {"model": "contenttypes.contenttype", "pk": 9, "fields": {"app_label": "reviews", "model": "genre"}}, {"model": "contenttypes.contenttype", "pk": 10, "fields": {"app_label": "reviews", "model": "genretitle"}}, {"model": "contenttypes.contenttype", "pk": 11, "fields": {"app_label": "reviews", "model": "review"}}, {"model": "contenttypes.contenttype", "pk": 12, "fields": {"app_label": "reviews", "model": "title"}}, {"model": "sessions.session", "pk": "3um0dl81njudvfm4rupneyhkr0rz69ju", "fields": {"session_data": ".eJxVjEsOwiAUAO_C2pAH5evSfc9AHjyQqqFJaVfGuxuSLnQ7M5k3C3jsNRw9b2EhdmWCXX5ZxPTMbQh6YLuvPK1t35bIR8JP2_m8Un7dzvZvULHXsbVKGA2IPgmvAWT0dnKyKOGzUIYgk7TGCEfaYCwKnCegUjRIPxWZ2ecLrFY24w:1pdADQ:i2fa94P9kZPcK2iUIroGKMY8Td6ZwG4rYcn8kPSIDRY", "expire_date": "2023-03-31T13:33:52.850Z"}}, {"model": "users.user", "pk": 1, "fields": {"password": "pbkdf2_sha256$260000$3U6w2X1oz1RnMWSmetZi9D$jiUmtWOzuGjMcMzT4hJzM+SEURicfv2bKmWYrqAZpts=", "last_login": "2023-03-17T13:33:52.845Z", "is_superuser": true, "first_name": "", "last_name": "", "is_staff": true, "is_active": true, "date_joined": "2023-03-17T13:33:43.732Z", "username": "123", "email": "123@mail.ru", "role": "user", "bio": "", "groups": [], "user_permissions": []}}, {"model": "users.user", "pk": 100, "fields": {"password": "", "last_login": null, "is_superuser": false, "first_name": "", "last_name": "", "is_staff": false, "is_active": true, "date_joined": "2023-03-17T13:33:15.568Z", "username": "bingobongo", "email": "bingobongo@yamdb.fake", "role": "user", "bio": "", "groups": [], "user_permissions": []}}, {"model": "users.user", "pk": 101, "fields": {"password": "", "last_login": null, "is_superuser": false, "first_name": "", "last_name": "", "is_staff": false, "is_active": true, "date_joined": "2023-03-17T13:33:15.582Z", "username": "capt_obvious", "email": "capt_obvious@yamdb.fake", "role": "admin", "bio": "", "groups": [], "user_permissions": []}}, {"model": "users.user", "pk": 102, "fields": {"password": "", "last_login": null, "is_superuser": false, "first_name": "", "last_name": "", "is_staff": false, "is_active": true, "date_joined": "2023-03-17T13:33:15.588Z", "username": "faust", "email": "faust@yamdb.fake", "role": "user", "bio": "", "groups": [], "user_permissions": []}}, {"model": "users.user", "pk": 103, "fields": {"password": "", "last_login": null, "is_superuser": false, "first_name": "", "last_name": "", "is_staff": false, "is_active": true, "date_joined": "2023-03-17T13:33:15.593Z", "username": "reviewer", "email": "reviewer@yamdb.fake", "role": "user", "bio": "", "groups": [], "user_permissions": []}}, {"model": "users.user", "pk": 104, "fields": {"password": "", "last_login": null, "is_superuser": false, "first_name": "", "last_name": "", "is_staff": false, "is_active": true, "date_joined": "2023-03-17T13:33:15.599Z", "username": "angry", "email": "angry@yamdb.fake", "role": "moderator", "bio": "", "groups": [], "user_permissions": []}}, {"model": "reviews.category", "pk": 1, "fields": {"name": "Фильм", "slug": "movie"}}, {"model": "reviews.category", "pk": 2, "fields": {"name": "Книга", "slug": "book"}}, {"model": "reviews.category", "pk": 3, "fields": {"name": "Музыка", "slug": "music"}}, {"model": "reviews.genre", "pk": 1, "fields": {"name": "Драма", "slug": "drama"}}, {"model": "reviews.genre", "pk": 2, "fields": {"name": "Комедия", "slug": "comedy"}}, {"model": "reviews.genre", "pk": 3, "fields": {"name": "Вестерн", "slug": "western"}}, {"model": "reviews.genre", "pk": 4, "fields": {"name": "Фэнтези", "slug": "fantasy"}}, {"model": "reviews.genre", "pk": 5, "fields": {"name": "Фантастика", "slug": "sci-fi"}}, {"model": "reviews.genre", "pk": 6, "fields": {"name": "Детектив", "slug": "detective"}}, {"model": "reviews.genre", "pk": 7, "fields": {"name": "Триллер", "slug": "thriller"}}, {"model": "reviews.genre", "pk": 8, "fields": {"name": "Сказка", "slug": "tale"}}, {"model": "reviews.genre", "pk": 9, "fields": {"name": "Гонзо", "slug": "gonzo"}}, {"model": "reviews.genre", "pk": 10, "fields": {"name": "Роман", "slug": "roman"}}, {"model": "reviews.genre", "pk": 11, "fields": {"name": "Баллада", "slug": "ballad"}}, {"model": "reviews.genre", "pk": 12, "fields": {"name": "Rock-n-roll", "slug": "rock-n-roll"}}, {"model": "reviews.genre", "pk": 13, "fields": {"name": "Классика", "slug": "classical"}}, {"model": "reviews.genre", "pk": 14, "fields": {"name": "Рок", "slug": "rock"}}, {"model": "reviews.genre", "pk": 15, "fields": {"name": "Шансон", "slug": "chanson"}}, {"model": "reviews.title", "pk": 1, "fields": {"name": "Побег из Шоушенка", "year": 1994, "category": 1, "description": ""}}, {"model": "reviews.title", "pk": 2, "fields": {"name": "Крестный отец", "year": 1972, "category": 1, "description": ""}}, {"model": "reviews.title", "pk": 3, "fields": {"name": "12 разгневанных мужчин", "year": 1957, "category": 1, "description": ""}}, {"model": "reviews.title", "pk": 4, "fields": {"name": "Список Шиндлера", "year": 1993, "category": 1, "description": ""}}, {"model": "reviews.title", "pk": 5, "fields": {"name": "Криминальное чтиво", "year": 1994, "category": 1, "description": ""}}, {"model": "reviews.title", "pk": 6, "fields": {"name": "Хороший, плохой, злой", "year": 1966, "category": 1, "description": ""}}, {"model": "reviews.title", "pk": 7, "fields": {"name": "Властелин колец: Братство кольца", "year": 2001, "category": 1, "description": ""}}, {"model": "reviews.title", "pk": 8, "fields": {"name": "Бойцовский клуб", "year": 1999, "category": 1, "description": ""}}, {"model": "reviews.title", "pk": 9, "fields": {"name": "Форрест Гамп", "year": 1994, "category": 1, "description": ""}}, {"model": "reviews.title", "pk": 10, "fields": {"name": "Звёздные войны. Эпизод 5: Империя наносит ответный удар", "year": 1980, "category": 1, "description": ""}}, {"model": "reviews.title", "pk": 11, "fields": {"name": "Властелин колец: Две крепости", "year": 2002, "category": 1, "description": ""}}, {"model": "reviews.title", "pk": 12, "fields": {"name": "Матрица", "year": 1999, "category": 1, "description": ""}}, {"model": "reviews.title", "pk": 13, "fields": {"name": "Пролетая над гнездом кукушки", "year": 1975, "category": 1, "description": ""}}, {"model": "reviews.title", "pk": 14, "fields": {"name": "Назад в будущее", "year": 1985, "category": 1, "description": ""}}, {"model": "reviews.title", "pk": 15, "fields": {"name": "Операция «Ы» и другие приключения Шурика", "year": 1965, "category": 1, "description": ""}}, {"model": "reviews.title", "pk": 16, "fields": {"name": "Карты, деньги, два ствола", "year": 1998, "category": 1, "description": ""}}, {"model": "reviews.title", "pk": 17, "fields": {"name": "Джентльмены удачи ", "year": 1971, "category": 1, "description": ""}}, {"model": "reviews.title", "pk": 18, "fields": {"name": "Джанго освобожденный", "year": 2012, "category": 1, "description": ""}}, {"model": "reviews.title", "pk": 19, "fields": {"name": "Generation П", "year": 2011, "category": 1, "description": ""}}, {"model": "reviews.title", "pk": 20, "fields": {"name": "Колобок", "year": 1873, "category": 2, "description": ""}}, {"model": "reviews.title", "pk": 21, "fields": {"name": "Страх и ненависть в Лас-Вегасе", "year": 1971, "category": 2, "description": ""}}, {"model": "reviews.title", "pk": 22, "fields": {"name": "Война и мир", "year": 1865, "category": 2, "description": ""}}, {"model": "reviews.title", "pk": 23, "fields": {"name": "Улисс", "year": 1918, "category": 2, "description": ""}}, {"model": "reviews.title", "pk": 24, "fields": {"name": "Generation П", "year": 1999, "category": 2, "description": ""}}, {"model": "reviews.title", "pk": 25, "fields": {"name": "Винни Пух и все-все-все", "year": 1926, "category": 2, "description": ""}}, {"model": "reviews.title", "pk": 26, "fields": {"name": "Стас Михайлов - Позывные на любовь", "year": 2004, "category": 3, "description": ""}}, {"model": "reviews.title", "pk": 27, "fields": {"name": "Led Zeppelin — Stairway to Heaven", "year": 1971, "category": 3, "description": ""}}, {"model": "reviews.title", "pk": 28, "fields": {"name": "Jethro Tull - Aqualung", "year": 1971, "category": 3, "description": ""}}, {"model": "reviews.title", "pk": 29, "fields": {"name": "Elvis Presley - Blue Suede Shoes", "year": 1955, "category": 3, "description": ""}}, {"model": "reviews.title", "pk": 30, "fields": {"name": "Deep Purple — Smoke on the Water", "year": 1971, "category": 3, "description": ""}}, {"model": "reviews.title", "pk": 31, "fields": {"name": "Моцарт - Турецкий марш", "year": 1784, "category": 3, "description": ""}}, {"model": "reviews.title", "pk": 32, "fields": {"name": "Бах. Оркестровая Сюита №2 си минор", "year": 1739, "category": 3, "description": ""}}, {"model": "reviews.genretitle", "pk": 1, "fields": {"title": 1, "genre": 1}}, {"model": "reviews.genretitle", "pk": 2, "fields": {"title": 2, "genre": 1}}, {"model": "reviews.genretitle", "pk": 3, "fields": {"title": 3, "genre": 1}}, {"model": "reviews.genretitle", "pk": 4, "fields": {"title": 4, "genre": 1}}, {"model": "reviews.genretitle", "pk": 5, "fields": {"title": 5, "genre": 2}}, {"model": "reviews.genretitle", "pk": 6, "fields": {"title": 5, "genre": 6}}, {"model": "reviews.genretitle", "pk": 7, "fields": {"title": 5, "genre": 7}}, {"model": "reviews.genretitle", "pk": 8, "fields": {"title": 6, "genre": 3}}, {"model": "reviews.genretitle", "pk": 9, "fields": {"title": 7, "genre": 4}}, {"model": "reviews.genretitle", "pk": 10, "fields": {"title": 8, "genre": 7}}, {"model": "reviews.genretitle", "pk": 11, "fields": {"title": 9, "genre": 1}}, {"model": "reviews.genretitle", "pk": 12, "fields": {"title": 9, "genre": 2}}, {"model": "reviews.genretitle", "pk": 13, "fields": {"title": 10, "genre": 4}}, {"model": "reviews.genretitle", "pk": 14, "fields": {"title": 11, "genre": 4}}, {"model": "reviews.genretitle", "pk": 15, "fields": {"title": 12, "genre": 1}}, {"model": "reviews.genretitle", "pk": 16, "fields": {"title": 12, "genre": 5}}, {"model": "reviews.genretitle", "pk": 17, "fields": {"title": 12, "genre": 6}}, {"model": "reviews.genretitle", "pk": 18, "fields": {"title": 12, "genre": 8}}, {"model": "reviews.genretitle", "pk": 19, "fields": {"title": 13, "genre": 1}}, {"model": "reviews.genretitle", "pk": 20, "fields": {"title": 14, "genre": 5}}, {"model": "reviews.genretitle", "pk": 21, "fields": {"title": 15, "genre": 2}}, {"model": "reviews.genretitle", "pk": 22, "fields": {"title": 15, "genre": 6}}, {"model": "reviews.genretitle", "pk": 23, "fields": {"title": 15, "genre": 8}}, {"model": "reviews.genretitle", "pk": 24, "fields": {"title": 16, "genre": 2}}, {"model": "reviews.genretitle", "pk": 25, "fields": {"title": 17, "genre": 2}}, {"model": "reviews.genretitle", "pk": 26, "fields": {"title": 18, "genre": 1}}, {"model": "reviews.genretitle", "pk": 27, "fields": {"title": 19, "genre": 1}}, {"model": "reviews.genretitle", "pk": 28, "fields": {"title": 20, "genre": 7}}, {"model": "reviews.genretitle", "pk": 29, "fields": {"title": 20, "genre": 8}}, {"model": "reviews.genretitle", "pk": 30, "fields": {"title": 21, "genre": 9}}, {"model": "reviews.genretitle", "pk": 31, "fields": {"title": 22, "genre": 10}}, {"model": "reviews.genretitle", "pk": 32, "fields": {"title": 23, "genre": 10}}, {"model": "reviews.genretitle", "pk": 33, "fields": {"title": 24, "genre": 10}}, {"model": "reviews.genretitle", "pk": 34, "fields": {"title": 25, "genre": 8}}, {"model": "reviews.genretitle", "pk": 35, "fields": {"title": 26, "genre": 15}}, {"model": "reviews.genretitle", "pk": 36, "fields": {"title": 27, "genre": 11}}, {"model": "reviews.genretitle", "pk": 37, "fields": {"title": 27, "genre": 14}}, {"model": "reviews.genretitle", "pk": 38, "fields": {"title": 28, "genre": 11}}, {"model": "reviews.genretitle", "pk": 39, "fields": {"title": 29, "genre": 12}}, {"model": "reviews.genretitle", "pk": 40, "fields": {"title": 30, "genre": 14}}, {"model": "reviews.genretitle", "pk": 41, "fields": {"title": 31, "genre": 13}}, {"model": "reviews.genretitle", "pk": 42, "fields": {"title": 32, "genre": 13}}, {"model": "reviews.review", "pk": 1, "fields": {"text": "Ставлю десять звёзд!\n...Эти голоса были чище и светлее тех, о которых мечтали в этом сером, убогом месте. Как будто две птички влетели и своими голосами развеяли стены наших клеток, и на короткий миг каждый человек в Шоушенке почувствовал себя свободным.", "pub_date": "2023-03-17T13:33:16.096Z", "title": 1, "score": 10, "author": 100}}, {"model": "reviews.review", "pk": 2, "fields": {"text": "Не привыкай\n«Эти стены имеют одно свойство: сначала ты их ненавидишь, потом привыкаешь, а потом не можешь без них жить»", "pub_date": "2023-03-17T13:33:16.102Z", "title": 1, "score": 10, "author": 101}}, {"model": "reviews.review", "pk": 3, "fields": {"text": "Фильм, разобранный на цитаты, достоин высшей оценки. Десять с плюсом (жаль, тут плюса нет)\n\"Ты пришел и говоришь: \"Дон Корлеоне, мне нужна справедливость\". Но ты просишь без уважения, ты не предлагаешь дружбу, ты даже не назвал меня Крестным Отцом.\"", "pub_date": "2023-03-17T13:33:16.108Z", "title": 2, "score": 10, "author": 102}}, {"model": "reviews.review", "pk": 4, "fields": {"text": "Жестокий, жестокий, жестокий мир, не о таком мечтали мы в детстве!!111\n***Отец сделал ему предложение, от которого он не смог отказаться. Лука Брази держал пистолет у его виска, и отец предложил выбор: либо на контракте мозги, либо подпись.***", "pub_date": "2023-03-17T13:33:16.113Z", "title": 2, "score": 1, "author": 103}}]